Category,Requirement,Status,Evidence (file path),Notes
Business Coverage,BP1 Transaction Monitoring implemented end to end,IMPLEMENTED,src/aml_riskiq/serving/bp1_scoring_service.py; models/bp1_transaction_monitoring_detection/,"Real champion artifact, Docker-verified in CI"
Business Coverage,BP2 Typology Classification implemented end to end,PARTIALLY IMPLEMENTED,src/aml_riskiq/serving/bp2_scoring_service.py,"Service code real; container crashes at startup (KeyError) -- excluded from docker-verify.yml"
Business Coverage,BP3 Graph Intelligence implemented end to end,PARTIALLY IMPLEMENTED,src/docker/bp3_network_graph_intelligence/,"Rule-based champion real; missing near-train-flagged lookup Parquet blocks the service -- excluded from docker-verify.yml"
Business Coverage,BP4 Structuring Detection implemented end to end,IMPLEMENTED,src/aml_riskiq/serving/bp4_scoring_service.py; models/bp4_structuring_smurfing_detection/,"Real champion artifact, Docker-verified in CI"
Business Coverage,BP5 Cross-Border Risk implemented end to end,IMPLEMENTED,src/aml_riskiq/serving/bp5_scoring_service.py; models/bp5_correspondent_banking_crossborder_risk/,"Real champion artifact, Docker-verified in CI"
Business Coverage,BP6 Compliance Reporting rollup,IMPLEMENTED,notebooks/bp6_enterprise_compliance_monitoring/,"Real rollup notebook; batch job, no scoring API by design"
Model Evaluation,PR-AUC / recall / F1 reported per BP,IMPLEMENTED,BENCHMARKS.md,"Real, from saved validation-report JSON; synthetic-data caveat already stated"
Model Evaluation,Threshold selection documented as validation-set-based (no test-set tuning),UNVERIFIED,notebooks/*/03_statistical_validation_deployment_SINGLE_CELL.py,"Requires reading/auditing each script's actual split logic -- not yet done in this audit pass"
Model Evaluation,Leakage audit (temporal, entity, feature) performed and documented,MISSING,n/a,"No docs/data/LEAKAGE_AUDIT.md or equivalent exists yet"
Model Evaluation,Precision@K / recall@K / false-positives-per-1000 reported,MISSING,BENCHMARKS.md,"Only PR-AUC/recall/precision/F1 and lift are reported; no @K or per-1000 metrics"
Explainability,SHAP-based explanation implemented,IMPLEMENTED,src/aml_riskiq/explainability/,"Present per earlier session work; not re-verified line by line in this audit pass"
API Security,API-key auth on /score,IMPLEMENTED,src/aml_riskiq/serving/_security.py,"Real, constant-time compare, fingerprinted audit log"
API Security,Rate limiting on /score,IMPLEMENTED,src/aml_riskiq/serving/_security.py,"Real, slowapi token bucket, 60/min default"
API Security,Auth mandatory outside local dev,IMPLEMENTED,src/aml_riskiq/serving/_security.py,"Added this session: AML_RISKIQ_REQUIRE_AUTH fail-closed gate, opt-in, tested (7 new tests)"
API Security,Role-based access control (investigator/analyst/admin/auditor),MISSING,n/a,"No RBAC anywhere in src/ -- confirmed by grep"
API Security,Dependency / secret / container scanning,IMPLEMENTED,.github/workflows/codeql.yml; .github/dependabot.yml,"Real, wired into CI"
MLOps / Monitoring,Model-registry fingerprint exposed via /health,IMPLEMENTED,src/aml_riskiq/serving/_model_registry.py,"Real SHA-256 + mtime, recomputed live"
MLOps / Monitoring,PSI-based drift monitoring library,IMPLEMENTED,src/aml_riskiq/monitoring/drift_monitor.py,"Real library function; not a running service"
MLOps / Monitoring,Live/scheduled continuous monitoring + alerting,MISSING,n/a,"Already disclosed as not-yet-built in MONITORING.md; confirmed still absent"
MLOps / Monitoring,/metrics endpoint (Prometheus or similar),MISSING,n/a,"Confirmed absent by grep across src/"
MLOps / Monitoring,Model versioning + rollback procedure,PARTIALLY IMPLEMENTED,MODEL_REGISTRY.md,"Fingerprint/versioning documented; no automated rollback mechanism exists"
Governance,Model risk governance doc (intended use / prohibited uses / change approval),MISSING,n/a,"No consolidated governance doc exists yet -- scattered across MODEL_REGISTRY.md / README.md caveats"
Governance,Business-value assumption methodology documented,PARTIALLY IMPLEMENTED,BENCHMARKS.md,"Figures already labeled ASSUMPTION/illustrative; no sensitivity analysis or explicit cost-basis doc exists"
Reproducibility,Pinned dependency lockfile,IMPLEMENTED,requirements.txt,"pip-compile output, every package ==pinned, confirmed by direct read"
Reproducibility,Clean-environment install path documented,IMPLEMENTED,README.md (How to Run),"Present; not re-verified in a truly clean environment in this audit pass"
Reproducibility,CI quality gates genuinely enforcing (no \|\| true masking),IMPLEMENTED,.github/workflows/ci.yml,"Fixed this session (reverted an Oct 3 regression that had neutered every lint/type/test step)"
Reproducibility,BRD / FRD / RTM requirement docs,MISSING,docs/BRD/README.md; docs/FRD/README.md; docs/RTM/README.md,"Stub placeholders only, confirmed by direct read"
Software Engineering,Lint / format / type-check enforced in CI,IMPLEMENTED,.github/workflows/ci.yml,"flake8 + black + isort + mypy, all real, all currently passing"
Software Engineering,66-test automated suite, all passing,IMPLEMENTED,tests/,"Verified by direct pytest run this audit pass"
Software Engineering,Docker build+run verification in CI,PARTIALLY IMPLEMENTED,.github/workflows/docker-verify.yml,"BP1/BP4/BP5 verified; BP2/BP3 excluded due to real, documented defects; BP6 excluded by design (no port)"
Deployment,GitHub Pages live dashboard deployment,IMPLEMENTED,.github/workflows/pages.yml,"Fixed and verified working this session (BP2 dashboard confirmed live via browser)"
